{
    "Version": "1.2",
    "Data": {
        "Source": "c:\\users\\kabir\\onedrive\\desktop\\milestone 3\\ms3_tester.cpp",
        "ProvidedModule": "",
        "Includes": [
            "c:\\program files\\microsoft visual studio\\2022\\community\\vc\\tools\\msvc\\14.34.31933\\include\\iostream",
            "c:\\program files\\microsoft visual studio\\2022\\community\\vc\\tools\\msvc\\14.34.31933\\include\\yvals_core.h",
            "c:\\program files\\microsoft visual studio\\2022\\community\\vc\\tools\\msvc\\14.34.31933\\include\\vcruntime.h",
            "c:\\program files\\microsoft visual studio\\2022\\community\\vc\\tools\\msvc\\14.34.31933\\include\\sal.h",
            "c:\\program files\\microsoft visual studio\\2022\\community\\vc\\tools\\msvc\\14.34.31933\\include\\concurrencysal.h",
            "c:\\program files\\microsoft visual studio\\2022\\community\\vc\\tools\\msvc\\14.34.31933\\include\\vadefs.h",
            "c:\\program files\\microsoft visual studio\\2022\\community\\vc\\tools\\msvc\\14.34.31933\\include\\xkeycheck.h",
            "c:\\program files\\microsoft visual studio\\2022\\community\\vc\\tools\\msvc\\14.34.31933\\include\\istream",
            "c:\\program files\\microsoft visual studio\\2022\\community\\vc\\tools\\msvc\\14.34.31933\\include\\ostream",
            "c:\\program files\\microsoft visual studio\\2022\\community\\vc\\tools\\msvc\\14.34.31933\\include\\ios",
            "c:\\program files\\microsoft visual studio\\2022\\community\\vc\\tools\\msvc\\14.34.31933\\include\\xlocnum",
            "c:\\program files\\microsoft visual studio\\2022\\community\\vc\\tools\\msvc\\14.34.31933\\include\\climits",
            "c:\\program files\\microsoft visual studio\\2022\\community\\vc\\tools\\msvc\\14.34.31933\\include\\limits.h",
            "c:\\program files\\microsoft visual studio\\2022\\community\\vc\\tools\\msvc\\14.34.31933\\include\\cmath",
            "c:\\program files\\microsoft visual studio\\2022\\community\\vc\\tools\\msvc\\14.34.31933\\include\\yvals.h",
            "c:\\program files (x86)\\windows kits\\10\\include\\10.0.22000.0\\ucrt\\crtdbg.h",
            "c:\\program files (x86)\\windows kits\\10\\include\\10.0.22000.0\\ucrt\\corecrt.h",
            "c:\\program files\\microsoft visual studio\\2022\\community\\vc\\tools\\msvc\\14.34.31933\\include\\vcruntime_new_debug.h",
            "c:\\program files\\microsoft visual studio\\2022\\community\\vc\\tools\\msvc\\14.34.31933\\include\\vcruntime_new.h",
            "c:\\program files\\microsoft visual studio\\2022\\community\\vc\\tools\\msvc\\14.34.31933\\include\\crtdefs.h",
            "c:\\program files\\microsoft visual studio\\2022\\community\\vc\\tools\\msvc\\14.34.31933\\include\\use_ansi.h",
            "c:\\program files\\microsoft visual studio\\2022\\community\\vc\\tools\\msvc\\14.34.31933\\include\\cstdlib",
            "c:\\program files (x86)\\windows kits\\10\\include\\10.0.22000.0\\ucrt\\math.h",
            "c:\\program files (x86)\\windows kits\\10\\include\\10.0.22000.0\\ucrt\\corecrt_math.h",
            "c:\\program files (x86)\\windows kits\\10\\include\\10.0.22000.0\\ucrt\\stdlib.h",
            "c:\\program files (x86)\\windows kits\\10\\include\\10.0.22000.0\\ucrt\\corecrt_malloc.h",
            "c:\\program files (x86)\\windows kits\\10\\include\\10.0.22000.0\\ucrt\\corecrt_search.h",
            "c:\\program files (x86)\\windows kits\\10\\include\\10.0.22000.0\\ucrt\\stddef.h",
            "c:\\program files (x86)\\windows kits\\10\\include\\10.0.22000.0\\ucrt\\corecrt_wstdlib.h",
            "c:\\program files\\microsoft visual studio\\2022\\community\\vc\\tools\\msvc\\14.34.31933\\include\\xtr1common",
            "c:\\program files\\microsoft visual studio\\2022\\community\\vc\\tools\\msvc\\14.34.31933\\include\\intrin0.h",
            "c:\\program files\\microsoft visual studio\\2022\\community\\vc\\tools\\msvc\\14.34.31933\\include\\intrin0.inl.h",
            "c:\\program files\\microsoft visual studio\\2022\\community\\vc\\tools\\msvc\\14.34.31933\\include\\cstdio",
            "c:\\program files (x86)\\windows kits\\10\\include\\10.0.22000.0\\ucrt\\stdio.h",
            "c:\\program files (x86)\\windows kits\\10\\include\\10.0.22000.0\\ucrt\\corecrt_wstdio.h",
            "c:\\program files (x86)\\windows kits\\10\\include\\10.0.22000.0\\ucrt\\corecrt_stdio_config.h",
            "c:\\program files\\microsoft visual studio\\2022\\community\\vc\\tools\\msvc\\14.34.31933\\include\\iterator",
            "c:\\program files\\microsoft visual studio\\2022\\community\\vc\\tools\\msvc\\14.34.31933\\include\\iosfwd",
            "c:\\program files\\microsoft visual studio\\2022\\community\\vc\\tools\\msvc\\14.34.31933\\include\\cstring",
            "c:\\program files (x86)\\windows kits\\10\\include\\10.0.22000.0\\ucrt\\string.h",
            "c:\\program files (x86)\\windows kits\\10\\include\\10.0.22000.0\\ucrt\\corecrt_memory.h",
            "c:\\program files (x86)\\windows kits\\10\\include\\10.0.22000.0\\ucrt\\corecrt_memcpy_s.h",
            "c:\\program files (x86)\\windows kits\\10\\include\\10.0.22000.0\\ucrt\\errno.h",
            "c:\\program files\\microsoft visual studio\\2022\\community\\vc\\tools\\msvc\\14.34.31933\\include\\vcruntime_string.h",
            "c:\\program files (x86)\\windows kits\\10\\include\\10.0.22000.0\\ucrt\\corecrt_wstring.h",
            "c:\\program files\\microsoft visual studio\\2022\\community\\vc\\tools\\msvc\\14.34.31933\\include\\cwchar",
            "c:\\program files (x86)\\windows kits\\10\\include\\10.0.22000.0\\ucrt\\wchar.h",
            "c:\\program files (x86)\\windows kits\\10\\include\\10.0.22000.0\\ucrt\\corecrt_wconio.h",
            "c:\\program files (x86)\\windows kits\\10\\include\\10.0.22000.0\\ucrt\\corecrt_wctype.h",
            "c:\\program files (x86)\\windows kits\\10\\include\\10.0.22000.0\\ucrt\\corecrt_wdirect.h",
            "c:\\program files (x86)\\windows kits\\10\\include\\10.0.22000.0\\ucrt\\corecrt_wio.h",
            "c:\\program files (x86)\\windows kits\\10\\include\\10.0.22000.0\\ucrt\\corecrt_share.h",
            "c:\\program files (x86)\\windows kits\\10\\include\\10.0.22000.0\\ucrt\\corecrt_wprocess.h",
            "c:\\program files (x86)\\windows kits\\10\\include\\10.0.22000.0\\ucrt\\corecrt_wtime.h",
            "c:\\program files (x86)\\windows kits\\10\\include\\10.0.22000.0\\ucrt\\sys\\stat.h",
            "c:\\program files (x86)\\windows kits\\10\\include\\10.0.22000.0\\ucrt\\sys\\types.h",
            "c:\\program files\\microsoft visual studio\\2022\\community\\vc\\tools\\msvc\\14.34.31933\\include\\xstddef",
            "c:\\program files\\microsoft visual studio\\2022\\community\\vc\\tools\\msvc\\14.34.31933\\include\\cstddef",
            "c:\\program files\\microsoft visual studio\\2022\\community\\vc\\tools\\msvc\\14.34.31933\\include\\initializer_list",
            "c:\\program files\\microsoft visual studio\\2022\\community\\vc\\tools\\msvc\\14.34.31933\\include\\xutility",
            "c:\\program files\\microsoft visual studio\\2022\\community\\vc\\tools\\msvc\\14.34.31933\\include\\__msvc_iter_core.hpp",
            "c:\\program files\\microsoft visual studio\\2022\\community\\vc\\tools\\msvc\\14.34.31933\\include\\utility",
            "c:\\program files\\microsoft visual studio\\2022\\community\\vc\\tools\\msvc\\14.34.31933\\include\\type_traits",
            "c:\\program files\\microsoft visual studio\\2022\\community\\vc\\tools\\msvc\\14.34.31933\\include\\cstdint",
            "c:\\program files\\microsoft visual studio\\2022\\community\\vc\\tools\\msvc\\14.34.31933\\include\\stdint.h",
            "c:\\program files\\microsoft visual studio\\2022\\community\\vc\\tools\\msvc\\14.34.31933\\include\\streambuf",
            "c:\\program files\\microsoft visual studio\\2022\\community\\vc\\tools\\msvc\\14.34.31933\\include\\xiosbase",
            "c:\\program files (x86)\\windows kits\\10\\include\\10.0.22000.0\\ucrt\\share.h",
            "c:\\program files\\microsoft visual studio\\2022\\community\\vc\\tools\\msvc\\14.34.31933\\include\\system_error",
            "c:\\program files\\microsoft visual studio\\2022\\community\\vc\\tools\\msvc\\14.34.31933\\include\\__msvc_system_error_abi.hpp",
            "c:\\program files\\microsoft visual studio\\2022\\community\\vc\\tools\\msvc\\14.34.31933\\include\\cerrno",
            "c:\\program files\\microsoft visual studio\\2022\\community\\vc\\tools\\msvc\\14.34.31933\\include\\stdexcept",
            "c:\\program files\\microsoft visual studio\\2022\\community\\vc\\tools\\msvc\\14.34.31933\\include\\exception",
            "c:\\program files (x86)\\windows kits\\10\\include\\10.0.22000.0\\ucrt\\malloc.h",
            "c:\\program files\\microsoft visual studio\\2022\\community\\vc\\tools\\msvc\\14.34.31933\\include\\vcruntime_exception.h",
            "c:\\program files\\microsoft visual studio\\2022\\community\\vc\\tools\\msvc\\14.34.31933\\include\\eh.h",
            "c:\\program files (x86)\\windows kits\\10\\include\\10.0.22000.0\\ucrt\\corecrt_terminate.h",
            "c:\\program files\\microsoft visual studio\\2022\\community\\vc\\tools\\msvc\\14.34.31933\\include\\xstring",
            "c:\\program files\\microsoft visual studio\\2022\\community\\vc\\tools\\msvc\\14.34.31933\\include\\xmemory",
            "c:\\program files\\microsoft visual studio\\2022\\community\\vc\\tools\\msvc\\14.34.31933\\include\\limits",
            "c:\\program files\\microsoft visual studio\\2022\\community\\vc\\tools\\msvc\\14.34.31933\\include\\cfloat",
            "c:\\program files (x86)\\windows kits\\10\\include\\10.0.22000.0\\ucrt\\float.h",
            "c:\\program files\\microsoft visual studio\\2022\\community\\vc\\tools\\msvc\\14.34.31933\\include\\isa_availability.h",
            "c:\\program files\\microsoft visual studio\\2022\\community\\vc\\tools\\msvc\\14.34.31933\\include\\new",
            "c:\\program files\\microsoft visual studio\\2022\\community\\vc\\tools\\msvc\\14.34.31933\\include\\xatomic.h",
            "c:\\program files\\microsoft visual studio\\2022\\community\\vc\\tools\\msvc\\14.34.31933\\include\\xcall_once.h",
            "c:\\program files\\microsoft visual studio\\2022\\community\\vc\\tools\\msvc\\14.34.31933\\include\\xerrc.h",
            "c:\\program files\\microsoft visual studio\\2022\\community\\vc\\tools\\msvc\\14.34.31933\\include\\atomic",
            "c:\\program files\\microsoft visual studio\\2022\\community\\vc\\tools\\msvc\\14.34.31933\\include\\xthreads.h",
            "c:\\program files\\microsoft visual studio\\2022\\community\\vc\\tools\\msvc\\14.34.31933\\include\\xtimec.h",
            "c:\\program files\\microsoft visual studio\\2022\\community\\vc\\tools\\msvc\\14.34.31933\\include\\ctime",
            "c:\\program files (x86)\\windows kits\\10\\include\\10.0.22000.0\\ucrt\\time.h",
            "c:\\program files\\microsoft visual studio\\2022\\community\\vc\\tools\\msvc\\14.34.31933\\include\\xlocale",
            "c:\\program files\\microsoft visual studio\\2022\\community\\vc\\tools\\msvc\\14.34.31933\\include\\memory",
            "c:\\program files\\microsoft visual studio\\2022\\community\\vc\\tools\\msvc\\14.34.31933\\include\\typeinfo",
            "c:\\program files\\microsoft visual studio\\2022\\community\\vc\\tools\\msvc\\14.34.31933\\include\\vcruntime_typeinfo.h",
            "c:\\program files\\microsoft visual studio\\2022\\community\\vc\\tools\\msvc\\14.34.31933\\include\\xfacet",
            "c:\\program files\\microsoft visual studio\\2022\\community\\vc\\tools\\msvc\\14.34.31933\\include\\xlocinfo",
            "c:\\program files\\microsoft visual studio\\2022\\community\\vc\\tools\\msvc\\14.34.31933\\include\\__msvc_xlocinfo_types.hpp",
            "c:\\program files\\microsoft visual studio\\2022\\community\\vc\\tools\\msvc\\14.34.31933\\include\\cctype",
            "c:\\program files (x86)\\windows kits\\10\\include\\10.0.22000.0\\ucrt\\ctype.h",
            "c:\\program files\\microsoft visual studio\\2022\\community\\vc\\tools\\msvc\\14.34.31933\\include\\clocale",
            "c:\\program files (x86)\\windows kits\\10\\include\\10.0.22000.0\\ucrt\\locale.h",
            "c:\\program files\\microsoft visual studio\\2022\\community\\vc\\tools\\msvc\\14.34.31933\\include\\fstream",
            "c:\\users\\kabir\\onedrive\\desktop\\milestone 3\\publication.h",
            "c:\\users\\kabir\\onedrive\\desktop\\milestone 3\\date.h",
            "c:\\users\\kabir\\onedrive\\desktop\\milestone 3\\streamable.h",
            "c:\\users\\kabir\\onedrive\\desktop\\milestone 3\\utils.h"
        ],
        "ImportedModules": [],
        "ImportedHeaderUnits": []
    }
}